{
  "class_0": {
    "precision": 0.95,
    "recall": 1.0,
    "f1-score": 0.9743589743589743,
    "support": 19.0
  },
  "class_1": {
    "precision": 1.0,
    "recall": 0.9523809523809523,
    "f1-score": 0.975609756097561,
    "support": 21.0
  },
  "class_2": {
    "precision": 1.0,
    "recall": 1.0,
    "f1-score": 1.0,
    "support": 14.0
  },
  "accuracy": 0.9814814814814815,
  "macro avg": {
    "precision": 0.9833333333333334,
    "recall": 0.9841269841269842,
    "f1-score": 0.9833229101521784,
    "support": 54.0
  },
  "weighted avg": {
    "precision": 0.9824074074074074,
    "recall": 0.9814814814814815,
    "f1-score": 0.9814930627938757,
    "support": 54.0
  }
}